titolo,data,durata,descrizione,immagine,url
N/A,N/A,,N/A,N/A,https://www.iene.mediaset.it/
N/A,N/A,,N/A,N/A,https://www.iene.mediaset.it/
N/A,N/A,,N/A,N/A,https://www.iene.mediaset.it/puntate/
N/A,N/A,,N/A,N/A,https://www.iene.mediaset.it/speciali/le-iene-presentano-inside_1208435.shtml
N/A,N/A,,N/A,N/A,https://www.iene.mediaset.it/puntate-ieneyeh/
N/A,N/A,,N/A,N/A,https://www.iene.mediaset.it/servizi/
N/A,N/A,,N/A,N/A,https://www.iene.mediaset.it/iene/
N/A,N/A,,N/A,N/A,https://www.iene.mediaset.it/forms/dillo-alle-iene_1.shtml
N/A,N/A,,N/A,N/A,https://www.iene.mediaset.it/2018/forms/partecipa_come_pubblico_24583.shtml
